insert into form_policies (number, title, content_head, content_tail)
values (1, 'Discipline',
        'The “Company” uses fair and reasonable procedures to resolve business performance or conduct issues. The objective of this policy and procedures is to ensure that fair and reasonable process occurs in the management of misconduct or work performance. Any employee who commits willful or serious misconduct will be subject to immediate dismissal includes but is not limited to: theft; assault; willful damage; fraud; discrimination; sexual harassment; and breaches of workplace health and safety requirement and instructions.',
        '');
insert into form_policies (number, title, content_head, content_tail)
values (2, 'Workplace Health & Safety',
        'The "Company" committed to providing a safe and healthy working environment for all employees, visitors, and contractors, comply with all relevant local, state, and federal laws and regulations related to workplace health and safety. All employees are expected to adhere to these laws and regulations at all times. Employees are encouraged to report all hazards and unsafe conditions immediately to their supervisors or designated safety officers. We will promptly investigate and mitigate hazards to reduce the risk of accidents and injuries. Failure to adhere to these policies may result in disciplinary action, up to and including termination of employment, as deemed appropriate by "Company". Remember that these policies should be tailored to your specific company''s needs and should always be in line with the relevant legal and regulatory requirements in your jurisdiction.',
        '');
insert into form_policies (number, title, content_head, content_tail)
values (3, 'Sexual Harassment', 'Under the Federal Sex Discrimination Act, sexual harassment is illegal.
The “company” must make efforts to ensure that all employees work in an environment free from sexual harassment and gender discrimination. All employees must be responsible for their own actions and must not cause offense to others due to their actions.',
        '');
insert into form_policies (number, title, content_head, content_tail)
values (4, 'Workplace Harassment',
        'The Fair Work Amendment Act 2013 defines workplace bullying as repeated unreasonable behavior by an individual towards a worker which creates a risk to health and safety. Bullying behavior can range from obvious verbal or physical assault to subtle psychological abuse. It can include physical or verbal abuse; yelling, screaming or offensive language; excluding or isolating employees; psychological harassment; intimidation; assigning meaningless tasks unrelated to the job; giving employees impossible jobs; deliberately changed work rosters to inconvenience particular employees; undermining work performance by deliberately withholding information vital for effective work performance.',
        '');
insert into form_policies (number, title, content_head, content_tail)
values (5, 'Dress Code and Safety',
        'Our dress code is casual, but it''s essential to prioritize safety. You must wear clothing that provides protection from the weather and the potential hazards of machinery. When working in the field, you are required to wear hats, closed-toe footwear, and either long sleeves or sunscreen. In the packing shed, wear hairnets or hats along with closed footwear. Please refrain from wearing singlets, bikinis, or going shirtless anywhere on the farm. Failure to adhere to these clothing guidelines is a breach of your health and safety responsibilities, and it may result in immediate dismissal. Your safety is our top priority.',
        '');
insert into form_policies (number, title, content_head, content_tail)
values (6, 'Language',
        'The primary language for communication within the workplace is English. English must be used for all official business and operational communications. In situations where it is necessary for clear and effective communication, employees are permitted to use their native language. However, this should be the exception rather than the rule, and it is encouraged only when it enhances comprehension and eliminates misunderstandings. If an employee''s communication difficulties become an issue and affect workflow or create risks, they may be subject to disciplinary action, up to and including termination',
        '');
insert into form_policies (number, title, content_head, content_tail)
values (7, 'Hand Hygiene Protocol',
        'In order to maintain a high standard of hygiene and safety, all employees involved in fruit handling are required to adhere to the following hand hygiene guidelines:',
        'It''s important to note that wearing gloves does not replace the necessity of handwashing as outlined above. This protocol ensures a clean and safe working environment.');
insert into form_policies (number, title, content_head, content_tail)
values (8, 'Food Safety Guidelines', '',
        'Food Safety Guidelines'',''These measures are essential to uphold food safety standards.');
insert into form_policies (number, title, content_head, content_tail)
values (9, 'Contractor Retention Policy',
        'Contractors laboring at designated farms under our supervision shall honor their contractual commitments for the stipulated period. Our policy explicitly forbids any affiliation with other companies at the same worksite. Should an employee face termination from our organization, the possibility of reassignment to an alternative team within the same workplace is precluded.',
        '');

insert into form_policy_details (form_policy_number, number, content)
values (7, 1, 'Before Commencing Work: Hands must be washed before the start of each work period.');
insert into form_policy_details (form_policy_number, number, content)
values (7, 2, 'After Using the Toilet: Handwashing is mandatory immediately after using the toilet.');
insert into form_policy_details (form_policy_number, number, content)
values (7, 3, 'After Contact with Face: Hands should be washed after touching the nose or mouth.');
insert into form_policy_details (form_policy_number, number, content)
values (7, 4,
        'After Handling Contaminated Material: Following contact with contaminated materials such as boxes and tools, hands must be thoroughly washed.');

insert into form_policy_details (form_policy_number, number, content)
values (8, 1,
        'To ensure the highest standards of food hygiene, all individuals are expected to observe the following guidelines:');
insert into form_policy_details (form_policy_number, number, content)
values (8, 2,
        'Food Handling Areas: While in food handling areas, individuals must refrain from behaviors that could lead to food contamination. This includes eating, smoking, chewing, or any other unhygienic conduct.');
insert into form_policy_details (form_policy_number, number, content)
values (8, 3,
        'Skin Conditions: Individuals with broken skin, such as cuts or wounds, are required to promptly inform the First Aid Officer for immediate treatment. Any worker with an existing treatment, like a band-aid or bandage, must seek approval from the First Aid Officer before commencing work.');
insert into form_policy_details (form_policy_number, number, content)
values (8, 4,
        'Communicable Diseases: Individuals with communicable diseases or conditions, such as colds, flu, cough, diarrhea, or vomiting, must inform their employer and refrain from attending work until they have fully recovered from the condition.');

insert into form_agrees (number, content)
values (0,
        'The Employer and the Employee agree to enter into this Piecework Agreement (Agreement) under clause 15 (Pieceworkers) of the Horticulture Award 2020 [MA000028] (Award). The Employer and Employee mutually agree as follows:');
insert into form_agrees (number, content)
values (1,
        'Description of Work: The work to be performed under this Agreement includes various tasks such as strawberry, raspberry, blueberry, grape, tomato, cherry tomato, capsicum, vegetable, mushroom, apple picking, packaging, and warehouse operations.');
insert into form_agrees (number, content)
values (2,
        'Minimum Piecework Rate: The Employer agrees to pay the Employee the piecework rate specified in Schedule A attached to this Agreement for performing the Work.');
insert into form_agrees (number, content)
values (3,
        'If during the currency of this agreement, the minimum remuneration of the employee, averaged over a period of three consecutive days, is less than such employee would have earned had he or she been employed at the hourly rate prescribed by the award for the class of work plus 25%, then this agreement may be terminated forthwith by giving notice of intention to terminate the agreement by one party to the other.');
insert into form_agrees (number, content)
values (4,
        'Payment Method: The piecework rate in this Agreement must be paid for all work performed in adherence to this Agreement. It will serve as the payment method, replacing the hourly or weekly wages mentioned in clause 14 of the Award. For casual employees, the calculation of piecework rates includes the prescribed casual loading.');
insert into form_agrees (number, content)
values (5,
        'Rate Review: The piecework rate in this Agreement will be subject to review. This review will consider any changes in the Award rate, alterations in the work''s nature, or adjustments to the working conditions to ensure that the minimum requirements established in clause 15 of the Award continue to be met.');
insert into form_agrees (number, content)
values (6,
        'Productivity and Guaranteed Minimum Wage: The Employee''s earnings depend on their productivity. However, even if productivity is low, the Employer guarantees the Employee a minimum hourly wage.');
insert into form_agrees (number, content)
values (7, 'Record Keeping: Both the Employer and the Employee will maintain a copy of this Agreement for reference.');
insert into form_agrees (number, content)
values (8, 'Employment Type: The Employee is engaged as a casual employee.');

insert into form_schedules(number, title, content1, content2, content21, content22)
values (1, 'Piecework Rate 1 - Packing Strawberries:',
        'Payment Variables: Production volume, Punnet size, Machinery breakdown, Temperature in shed',
        'Payment Range: $0.10 - $0.25 per punnet', '', '');
insert into form_schedules(number, title, content1, content2, content21, content22)
values (2, 'Piecework Rate 2 - Picking Strawberries:',
        'Payment Variables: Weather, Ripening, Type of picking (e.g., Selective picking)', 'Payment Options:',
        '$0.04 - $1.50 per kg', '$0.60 - $3.00 per tray');
insert into form_schedules(number, title, content1, content2, content21, content22)
values (3, 'Piecework Rate 3 - Planting & Pulling out Strawberry Plants:',
        'Payment Variables: Weather, Plant spacing, Type of plant, Plant density',
        'Payment Range: $0.02 - $0.05 per plant', '', '');
insert into form_schedules(number, title, content1, content2, content21, content22)
values (4, 'Piecework Rate 4 - Cutting Strawberry Plants:', 'Payment Variables: Weather, Plant density',
        'Payment Range: $0.01 - $0.10 per plant', '', '');
insert into form_schedules(number, title, content1, content2, content21, content22)
values (5, 'Piecework Rate 5 - Picking Tomatoes:', 'Minimum Payment: $1.50 per Bucket',
        'Payment Variables: Weather, Plant spacing, Type of plant, Plant density', '', '');
insert into form_schedules(number, title, content1, content2, content21, content22)
values (6, 'Piecework Rate 6 - Picking Capsicums:', 'Minimum Payment: $0.75 per Bucket',
        'Payment Variables: Weather, Plant spacing, Type of plant, Plant density', '', '');
insert into form_schedules(number, title, content1, content2, content21, content22)
values (7, 'Piecework Rate 7 - Picking Cherry Tomatoes:', 'Minimum Payment: $1 per KG',
        'Payment Variables: Weather, Plant spacing, Type of plant, Plant density', '', '');
insert into form_schedules(number, title, content1, content2, content21, content22)
values (8, 'Piecework Rate 8 - Warehouse Operation:', 'Regular Hourly Wage: Minimum $28.26 per Hour',
        'Training Hourly Wage: $27.88 per Hour', '', '');
insert into form_schedules(number, title, content1, content2, content21, content22)
values (9, 'Piecework Rate 9 – Farm hand:', 'Regular Hourly Wage: Minimum $28.26 per Hour',
        'Training Hourly Wage: $27.88 per Hour', '', '');

insert into form_guidelines (number, title, content)
values (1, 'General', 'Follow Work Health and Safety Rules: Adhere to all established Work Health and Safety (WHS) regulations and guidelines.
Report Unsafe Conditions: If you observe anything that poses a safety hazard, promptly inform the owner or supervisor.
Maintain Cleanliness: Keep the packing shed and its surrounding area clean and organized. Follow the principle of "Clean as you go."
No Smoking or Eating: Smoking and eating are strictly prohibited in the packing area and any location where products are stored. However, non-alcoholic drinks are permitted. Please refrain from bringing glass bottles or easily breakable drink containers.
Personal Belongings: Do not bring personal items such as bags and clothing into the packing area.
Alcohol and Illegal Substances: The use of illegal drugs or alcohol is strictly forbidden while on the premises. Any individual under the influence may not work, and their employment could be terminated.');
insert into form_guidelines (number, title, content)
values (2, 'Clothing', 'Avoid Loose Clothing: Do not wear loose clothing that may get caught in machinery.
Hi-Vis Apparel: Hi-Vis clothing is mandatory and must be worn at all times.
Protective Gear: Use all necessary protective clothing and equipment as required for your job.
Footwear: Appropriate footwear is to be worn at all times in the production packing area.');
insert into form_guidelines (number, title, content)
values (3, 'Sun Safety',
        'Sunblock cream or lotion, hats, sun-protective clothing, and suitable footwear must be worn by all workers when working outdoors.');
insert into form_guidelines (number, title, content)
values (4, 'Hair and Jewelry', 'Hair and beards must be tied back or secured, especially if you have a long fringe.
Depending on the work environment, wearing jewelry such as rings, earrings, or necklaces may be prohibited.');
insert into form_guidelines (number, title, content)
values (5, 'Equipment', 'Safety of Tools: Any knives or blades used in packing or binding product must be handled and stored safely. If any are lost, report it to the owner or supervisor immediately.
Prohibited Tools: The use of Stanley-type knives is not allowed.
Equipment Usage: Use all tools, machinery, and equipment as instructed.');
insert into form_guidelines (number, title, content)
values (6, 'Injury', 'Report Injuries: If you are involved in an accident or suffer an injury, inform the owner or supervisor immediately.
First Aid: Seek assistance from the trained first aid personnel for any injuries. Do not attempt to access band-aids or medication independently. No pills will be dispensed on-site.
Bandages and Gloves: If you are wearing bandages or band-aids on your hands, disposable gloves must also be worn.
Incident Reporting: Complete an Incident Form for any injury that requires treatment by a medical practitioner.');
insert into form_guidelines (number, title, content)
values (7, 'Sickness', 'If you have a contagious illness or a condition that may compromise product safety (e.g., AIDS, HEPATITIS, SKIN INFECTIONS, OR GASTRIC INFECTIONS), you should:
Inform the owner or supervisor.
Seek medical treatment and provide a medical certificate before returning to work.');
insert into form_guidelines (number, title, content)
values (8, 'Chemical Safety',
        'Prior to handling chemicals, you will be provided with a Safe Work Practice or Standard Operating Procedure worksheet, and when necessary, undergo an induction.');
insert into form_guidelines (number, title, content)
values (9, 'Slips, Trips, and Falls',
        'Exercise caution and awareness, particularly in wet conditions. Report any hazards or unsafe practices to your supervisor.');
insert into form_guidelines (number, title, content)
values (10, 'Responsibilities', 'All workers must adhere to safety signs, instructions, and procedures at all times.
Cooperation with the employer, as required by the Workplace Health and Safety Act, is the responsibility of all individuals.
All individuals are responsible for their own safety and the safety of others.
Please dispose of rubbish in the provided bins.
Toilets are accessible on all farms; please ask your supervisor or Field Manager if you are unsure of their location.
Always come prepared for variable weather conditions, such as bringing a raincoat or gumboots.');
insert into form_guidelines (number, title, content)
values (11, 'First Aid and Emergencies', 'In case of a life-threatening accident, immediately dial "000."');
insert into form_guidelines (number, title, content)
values (12, 'Miscellaneous', 'You must have sufficient English language proficiency to understand supervisor instructions.
Promptly report all incidents, damage, or accidents to your supervisor.
Employees should be in good health to perform tasks that involve lifting, bending, and working long hours in hot conditions.
Smoking, drug use, or alcohol consumption is strictly prohibited on the premises and during working hours.
Note: These guidelines are critical to ensuring a safe work environment for all employees. Failure to adhere to these guidelines may result in disciplinary action, up to and including termination of employment.');

insert into form_checklists (number, content)
values (1, 'Section 1: General Health Information');
insert into form_checklists (number, content)
values (2, 'Section 2: Mental Health and Well-Being');
insert into form_checklists (number, content)
values (3, 'Section 3: Health and Safety Awareness');
insert into form_checklists (number, content)
values (4, 'Section 4: Allergies and Medical conditions');

insert into form_checklist_details (form_checklist_number, number, short_name, content)
values (1, 1, 'preExistingMedicalCondition',
        'Do you have any pre-existing medical conditions (e.g., diabetes, heart disease, allergies)?');
insert into form_checklist_details (form_checklist_number, number, short_name, content)
values (1, 2, 'takingMedication', 'Are you currently taking any medications?');
insert into form_checklist_details (form_checklist_number, number, short_name, content)
values (1, 3, 'recentSurgery', 'Have you had any surgeries or medical procedures in the last 12 months?');
insert into form_checklist_details (form_checklist_number, number, short_name, content)
values (1, 4, 'recentInjury', 'Have you experienced any work-related injuries or illnesses in the past year?');
insert into form_checklist_details (form_checklist_number, number, short_name, content)
values (1, 5, 'jobRelatedLimitation',
        'Do you have any physical or mobility limitations that may affect your job duties?');

insert into form_checklist_details (form_checklist_number, number, short_name, content)
values (2, 1, 'jobStress', 'Do you experience work-related stress or anxiety?');
insert into form_checklist_details (form_checklist_number, number, short_name, content)
values (2, 2, 'mentalCounseling', 'Have you sought professional help or counseling for mental health concerns?');
insert into form_checklist_details (form_checklist_number, number, short_name, content)
values (2, 3, 'awareOfEap',
        'Are you aware of the Employee Assistance Program (EAP) for seeking support with mental health issues?');

insert into form_checklist_details (form_checklist_number, number, short_name, content)
values (3, 1, 'awareOfSafetyPolicy', 'Are you familiar with the company''s safety policies and procedures?');
insert into form_checklist_details (form_checklist_number, number, short_name, content)
values (3, 2, 'firstAidTraining', 'Have you received training in First Aid and Emergency Response?');
insert into form_checklist_details (form_checklist_number, number, short_name, content)
values (3, 3, 'safetyReportingComfort',
        'Do you feel comfortable reporting safety concerns or incidents to your supervisor?');

insert into form_checklist_details (form_checklist_number, number, short_name, content)
values (4, 1, 'beeSting', 'Bee Stings');
insert into form_checklist_details (form_checklist_number, number, short_name, content)
values (4, 2, 'epilepsy', 'Epilepsy');
insert into form_checklist_details (form_checklist_number, number, short_name, content)
values (4, 3, 'diabetes', 'Diabetes');
insert into form_checklist_details (form_checklist_number, number, short_name, content)
values (4, 4, 'pregnant', 'Pregnant');
insert into form_checklist_details (form_checklist_number, number, short_name, content)
values (4, 5, 'highBloodPressure', 'High Blood Pressure');